series_id,dataset,train_length,test_length,Transformer_mae,Transformer_rmse,Transformer_predictions,Large_Transformer_mae,Large_Transformer_rmse,Large_Transformer_predictions,Decoder_Only_mae,Decoder_Only_rmse,Decoder_Only_predictions,LSTM_mae,LSTM_rmse,LSTM_predictions
trend_seasonal_0,trend_seasonal,160,40,2.8066772602168886,3.0600903884657376,"[100.00878143310547, 100.76978302001953, 101.2026596069336, 102.59304809570312, 103.37979125976562, 105.07963562011719, 106.27313232421875, 107.46522521972656, 107.98197174072266, 108.10897064208984, 108.32840728759766, 108.21990966796875, 110.11151885986328, 109.65886688232422, 110.59140014648438, 109.27359771728516, 110.36933135986328, 109.02212524414062, 109.16031646728516, 108.36219024658203, 107.90059661865234, 106.66720581054688, 104.08482360839844, 102.9330825805664, 101.14806365966797, 101.52063751220703, 99.82164001464844, 99.80548858642578, 99.8656234741211, 102.13618469238281, 105.96903991699219, 106.22126007080078, 109.19268035888672, 108.84025573730469, 110.06448364257812, 109.6949691772461, 110.62894439697266, 109.9266128540039, 109.51725006103516, 109.31798553466797]",1.7053522198702236,2.1904080519574767,"[99.55970764160156, 99.14704132080078, 100.27975463867188, 102.35102081298828, 103.7382583618164, 105.8283462524414, 107.24839782714844, 108.40721893310547, 108.77058410644531, 109.05021667480469, 110.44445037841797, 110.99610137939453, 110.56546020507812, 111.3321304321289, 111.35099029541016, 111.54385375976562, 110.88307189941406, 110.63282775878906, 109.91412353515625, 109.25540161132812, 106.67646789550781, 106.2605209350586, 105.77576446533203, 105.00438690185547, 103.96229553222656, 103.17234802246094, 102.01941680908203, 101.74736785888672, 101.15877532958984, 100.89885711669922, 108.94768524169922, 109.88219451904297, 110.2979965209961, 110.91923522949219, 111.17737579345703, 111.7452392578125, 111.38700103759766, 111.30089569091797, 110.5490493774414, 110.2401123046875]",1.526466962634237,1.8549304322827809,"[102.30520596664793, 101.28078294150035, 101.10521435977273, 101.79809564106586, 103.5324114557511, 105.77587905407398, 108.2033581726196, 109.97086568497555, 110.56996851660486, 110.7340547604432, 110.77731443123669, 110.80719061978662, 110.78315339457922, 110.80048426265428, 110.79493549355763, 110.75055065569731, 110.74207071212095, 110.68901512531018, 110.5540434429992, 110.31800443943519, 110.00421251166735, 109.45730478244579, 108.7083240637081, 107.27168210540935, 105.96251806793899, 104.82095924493827, 104.55875465928489, 105.16380477882583, 106.41315651355309, 108.43817687217538, 109.9717086301659, 110.6309518275388, 110.92523430442245, 111.0203584900396, 111.05817781596016, 111.06440742540288, 111.08353473404755, 111.10437503912887, 111.10262962172337, 111.095394962246]",3.4291093967525326,3.697822336290876,"[102.98731994628906, 101.95085906982422, 102.83599090576172, 102.20247650146484, 102.75550842285156, 103.03892517089844, 103.35197448730469, 104.3822250366211, 104.92044067382812, 105.32598114013672, 108.24974060058594, 108.2640380859375, 109.02899932861328, 108.88923645019531, 109.02836608886719, 109.54109191894531, 109.39833068847656, 108.94252014160156, 108.72361755371094, 107.4917221069336, 106.547119140625, 105.14311218261719, 104.08180236816406, 102.52749633789062, 101.89496612548828, 101.4488754272461, 100.07020568847656, 100.09317779541016, 100.79631042480469, 101.3940200805664, 104.68107604980469, 106.61320495605469, 107.22293090820312, 107.85101318359375, 109.07408142089844, 109.51072692871094, 109.80350494384766, 109.74043273925781, 110.0035400390625, 109.7799072265625]"
trend_seasonal_1,trend_seasonal,160,40,2.0634625704574945,2.5835920923716187,"[101.67949676513672, 102.28778839111328, 99.96870422363281, 101.7586441040039, 102.98442077636719, 104.8856201171875, 108.11402130126953, 108.32380676269531, 109.05146026611328, 110.97265625, 109.44918060302734, 110.38429260253906, 109.3810806274414, 111.1832046508789, 111.02626037597656, 110.36097717285156, 110.23745727539062, 110.67675018310547, 110.15989685058594, 108.405029296875, 108.0540771484375, 108.52323150634766, 107.41026306152344, 107.13414764404297, 107.63016510009766, 107.89995574951172, 107.75874328613281, 107.66219329833984, 106.44881439208984, 106.73600006103516, 107.93010711669922, 109.03880310058594, 108.7565689086914, 110.77423858642578, 110.72163391113281, 109.98565673828125, 110.6961441040039, 111.06306457519531, 110.86433410644531, 109.39936828613281]",2.4671073014203193,3.0309204673759056,"[100.1426010131836, 100.1175308227539, 99.5783920288086, 101.2217788696289, 102.0492172241211, 103.42881774902344, 105.83222198486328, 107.42822265625, 108.41246032714844, 109.04794311523438, 108.85958862304688, 109.62873077392578, 110.08842468261719, 110.3507308959961, 110.84762573242188, 110.7020263671875, 110.73068237304688, 110.55059814453125, 110.14868927001953, 109.55826568603516, 108.65937042236328, 108.56815338134766, 108.65299987792969, 107.76255798339844, 106.50828552246094, 105.29296112060547, 103.51240539550781, 102.37957000732422, 100.82662963867188, 99.4164047241211, 103.5362777709961, 105.3694076538086, 107.21320343017578, 108.534423828125, 108.83885192871094, 109.55406951904297, 110.0698471069336, 110.85704040527344, 110.67407989501953, 111.39115905761719]",1.9696168145903077,2.4447980118487216,"[105.43115287226587, 104.45553381336275, 103.57054901865342, 103.13703584778926, 103.61525367388461, 104.92294631835583, 107.15111296569633, 109.47320029533003, 110.76134673150904, 111.11797606329081, 111.22432552326116, 111.28564200983735, 111.32183975461822, 111.35376082166975, 111.37261856278973, 111.36970854277939, 111.34110749305391, 111.28773950912566, 111.20055955906744, 111.07333119933483, 110.89799595404156, 110.6389043430464, 110.29707602113189, 109.78759349738563, 109.17652880016549, 108.54942482644553, 108.03172420546224, 107.69262813128445, 108.07218314630302, 109.3587966302788, 110.59952698366608, 111.15715589792268, 111.32360786804223, 111.3788955789852, 111.41978213421383, 111.45273673616538, 111.47472604532435, 111.48320946634512, 111.47722446646696, 111.46086781574294]",3.5091239850269837,4.415734162801125,"[103.73919677734375, 102.68968200683594, 102.35250091552734, 101.57840728759766, 102.07150268554688, 101.72445678710938, 102.75977325439453, 103.3667984008789, 102.18939208984375, 104.61646270751953, 107.29893493652344, 108.01681518554688, 108.63858795166016, 109.53630828857422, 109.83101654052734, 109.8144760131836, 110.22837829589844, 109.7852783203125, 109.6469955444336, 109.07854461669922, 109.16534423828125, 108.2784652709961, 107.1532211303711, 106.10143280029297, 104.52970886230469, 102.6700668334961, 101.7574234008789, 100.54520416259766, 99.07059478759766, 100.07567596435547, 100.74703216552734, 102.670166015625, 104.23284912109375, 105.49646759033203, 106.82678985595703, 108.19857025146484, 109.76249694824219, 110.33462524414062, 109.84870147705078, 110.69547271728516]"
trend_seasonal_2,trend_seasonal,160,40,2.5895669861715573,2.92076722202154,"[100.13456726074219, 99.7336196899414, 100.70177459716797, 102.06977844238281, 103.31941223144531, 104.94544982910156, 105.47217559814453, 107.56926727294922, 108.22510528564453, 109.74530792236328, 109.11418914794922, 110.10315704345703, 110.1274185180664, 109.85728454589844, 110.03716278076172, 109.61502075195312, 109.66873931884766, 109.2524185180664, 109.25358581542969, 107.94435119628906, 107.15267944335938, 106.53857421875, 106.80382537841797, 107.12686157226562, 105.31816864013672, 105.35432434082031, 104.53135681152344, 103.95068359375, 102.85223388671875, 102.23889923095703, 106.3047866821289, 108.75267028808594, 108.53670501708984, 108.99725341796875, 109.30442810058594, 109.814453125, 109.2925033569336, 108.96404266357422, 109.90493774414062, 108.14437103271484]",2.429028244712664,2.9189687435310865,"[97.9780044555664, 98.20085906982422, 98.68838500976562, 100.15339660644531, 102.40361785888672, 104.65863800048828, 106.74859619140625, 107.85398864746094, 108.85175323486328, 108.4912109375, 108.57234954833984, 109.59846496582031, 110.77867889404297, 110.53693389892578, 111.06660461425781, 111.4214096069336, 110.47174072265625, 110.66098022460938, 110.11858367919922, 110.38465118408203, 107.3220443725586, 107.69068908691406, 107.08382415771484, 105.66034698486328, 104.73885345458984, 103.2972412109375, 101.92619323730469, 100.38549041748047, 99.23011779785156, 98.16693115234375, 105.36912536621094, 106.65436553955078, 108.36781311035156, 109.20655059814453, 110.60921478271484, 110.82247924804688, 110.37033081054688, 110.69502258300781, 110.07585906982422, 110.48397827148438]",1.7870054273142153,2.0763663449849896,"[102.6071105279796, 100.95590921707488, 100.57442759858496, 100.92404585375442, 101.66927879599055, 102.98519022490177, 104.73372416961703, 106.43890398551876, 109.09533962042318, 110.03821538470248, 110.23728224888926, 110.26000277015282, 110.2431139666159, 110.21745171833017, 110.20066587006538, 110.19445389040395, 110.19388944717828, 110.18377189289669, 110.11468735319892, 109.94655673752013, 109.57919421880123, 109.05015984630022, 108.31378183351319, 106.99747488045345, 105.15091716939413, 103.11573324173342, 101.87795619854585, 101.83646341310093, 102.45555674584226, 104.11317250325406, 106.16376003028009, 107.34659853642609, 109.65129808999764, 110.24446997550176, 110.31422398315004, 110.32877378776557, 110.33395673206874, 110.33284233178635, 110.32865686368766, 110.32657344217549]",3.8405281177476214,4.1624615228515385,"[101.48947143554688, 101.28469848632812, 100.4803237915039, 101.3547134399414, 100.96658325195312, 101.18260955810547, 102.74391174316406, 104.5849380493164, 104.41976928710938, 106.02879333496094, 107.0439682006836, 107.88624572753906, 107.89384460449219, 108.47959899902344, 108.4057388305664, 108.65763092041016, 108.85488891601562, 108.52334594726562, 107.05776977539062, 107.06129455566406, 106.77970123291016, 104.77031707763672, 103.2918472290039, 101.5861587524414, 100.52993774414062, 99.11106872558594, 99.1276626586914, 99.320556640625, 99.8086166381836, 101.02227020263672, 104.15641021728516, 105.56143188476562, 106.69074249267578, 107.68219757080078, 108.43651580810547, 109.04521179199219, 109.09545135498047, 109.08928680419922, 108.84097290039062, 108.48270416259766]"
trend_seasonal_3,trend_seasonal,160,40,2.1449676477532376,2.470663157241781,"[100.81169128417969, 101.77397918701172, 103.77297973632812, 104.72869110107422, 105.82484436035156, 107.46420288085938, 108.72021484375, 109.25704193115234, 109.75343322753906, 110.8542251586914, 109.48656463623047, 109.68840789794922, 111.4105224609375, 110.52872467041016, 109.73184967041016, 110.87152099609375, 110.81550598144531, 111.31415557861328, 111.77759552001953, 111.12833404541016, 108.39752960205078, 108.31240844726562, 108.00952911376953, 108.05229949951172, 107.7252426147461, 106.42802429199219, 105.86979675292969, 104.43923950195312, 103.8635482788086, 102.92496490478516, 106.79792785644531, 108.03129577636719, 110.14632415771484, 110.39246368408203, 109.44947814941406, 110.72904205322266, 110.77130889892578, 110.99435424804688, 111.45592498779297, 111.31957244873047]",2.070745545706397,2.4602598794104704,"[99.18502044677734, 100.38726043701172, 101.8163070678711, 103.04779815673828, 105.84767150878906, 107.43363189697266, 108.44811248779297, 109.45557403564453, 109.59487915039062, 109.67303466796875, 109.21009063720703, 110.0738754272461, 110.09646606445312, 110.98380279541016, 111.07894134521484, 111.45286560058594, 111.40215301513672, 111.50353240966797, 111.55333709716797, 111.45513153076172, 108.5053939819336, 108.6634292602539, 109.36963653564453, 108.63169860839844, 108.36674499511719, 106.60945892333984, 105.9433822631836, 104.3639907836914, 102.98076629638672, 101.5938491821289, 107.74469757080078, 109.1417236328125, 109.62179565429688, 110.60533142089844, 110.96654510498047, 111.6126480102539, 111.25965118408203, 111.50837707519531, 111.51874542236328, 111.61779022216797]",1.7438683650557518,2.0208683813126838,"[102.02816727049156, 100.90944422770752, 100.90528891452885, 101.48595295719966, 102.47233978106877, 104.12744660293671, 106.44889453722072, 108.67059118097048, 110.08095568805572, 110.51655193824254, 110.63119427421738, 110.68984095602961, 110.7296786232311, 110.75095697181288, 110.75193875519896, 110.75112378998563, 110.74995287516803, 110.7277596829765, 110.68652371822515, 110.5668757745319, 110.36655583754376, 109.9019247250107, 108.94121275860404, 106.8026829429874, 103.98644978482592, 101.92835448567865, 101.42009723336504, 102.12219188972475, 103.56837568517685, 105.80252551802904, 108.35433527026665, 109.85885376035917, 110.44773572310982, 110.6345327627445, 110.71990116574335, 110.76883095462738, 110.81216861584805, 110.8462717755445, 110.87843049411917, 110.89562657888136]",3.8602271591223145,4.2347151713152025,"[102.35518646240234, 101.1076889038086, 99.61383056640625, 100.65455627441406, 100.4321060180664, 100.66944122314453, 101.82817077636719, 103.81047821044922, 105.27141571044922, 107.142822265625, 107.83549499511719, 109.5021743774414, 109.41138458251953, 109.3165054321289, 109.97359466552734, 109.74918365478516, 109.80015563964844, 109.3892593383789, 108.94287872314453, 108.32405853271484, 109.011962890625, 108.08251953125, 106.4687728881836, 104.77853393554688, 103.65634155273438, 101.42396545410156, 100.13032531738281, 99.2838363647461, 99.31226348876953, 99.76358032226562, 102.99864196777344, 105.26676177978516, 106.4994888305664, 107.31059265136719, 108.94290924072266, 109.6502456665039, 109.37065887451172, 109.38238525390625, 109.91370391845703, 109.66839599609375]"
trend_seasonal_4,trend_seasonal,160,40,2.1043476768469,2.547633605602619,"[100.38697814941406, 99.88288879394531, 100.51179504394531, 101.15302276611328, 102.18383026123047, 103.81319427490234, 104.79637145996094, 105.92586517333984, 106.72938537597656, 108.28888702392578, 109.05571746826172, 109.45864868164062, 109.5947265625, 110.2146224975586, 111.09220886230469, 110.07430267333984, 109.29744720458984, 111.02570343017578, 110.36536407470703, 110.09080505371094, 108.07585906982422, 108.52057647705078, 106.17146301269531, 105.657958984375, 104.25670623779297, 103.04727172851562, 102.17559051513672, 100.088134765625, 98.40616607666016, 99.29222106933594, 105.52406311035156, 106.39178466796875, 107.17179107666016, 108.62377166748047, 110.40435791015625, 110.07337188720703, 110.83651733398438, 111.79502868652344, 110.90906524658203, 110.91716003417969]",3.031940571626902,3.4022702408393175,"[99.11603546142578, 98.48677062988281, 98.50729370117188, 99.39994049072266, 100.39472198486328, 102.42195892333984, 104.2525634765625, 106.15135192871094, 107.5426254272461, 108.37776184082031, 108.76305389404297, 109.3446273803711, 108.79590606689453, 109.14614868164062, 109.14292907714844, 109.39495849609375, 108.98519897460938, 109.0418472290039, 108.8527603149414, 107.8288345336914, 107.98370361328125, 107.08473205566406, 105.40149688720703, 104.73027801513672, 102.20723724365234, 100.65652465820312, 99.10884094238281, 98.53359985351562, 98.47093963623047, 98.63506317138672, 103.60603332519531, 105.11851501464844, 106.47126770019531, 107.44135284423828, 108.55484008789062, 109.25768280029297, 109.29145050048828, 109.32669830322266, 109.47236633300781, 109.68260955810547]",1.3340731323551498,1.593728987730184,"[102.68946459197149, 101.74772152413915, 101.42005111589937, 101.74014324348245, 102.69722570223587, 104.52081826025216, 106.90282647289797, 109.33524527710867, 110.28068363536995, 110.53529617479505, 110.59818008270587, 110.63993999727055, 110.62856217776928, 110.59589609469123, 110.5547000692837, 110.53183491679407, 110.52567162410172, 110.48080794989058, 110.44676820965941, 110.38559176443451, 110.17821481392916, 109.73921736471137, 108.72492556047794, 107.05402721657747, 105.45385023438888, 104.09073240523387, 103.29783557401504, 103.15904934241422, 103.79346929858727, 105.42750223710514, 107.54644223841117, 109.76993168578613, 110.47329785190973, 110.65801024914943, 110.72143435339567, 110.73804302142747, 110.73641137577108, 110.72034448359615, 110.73514196703358, 110.73562003552534]",3.677920856328204,4.37210018331567,"[101.162109375, 99.99283599853516, 99.13766479492188, 98.00045776367188, 98.7249526977539, 99.45783233642578, 101.50408172607422, 103.02734375, 103.72557067871094, 105.78697204589844, 106.5844955444336, 107.48189544677734, 107.91608428955078, 108.42594146728516, 109.08134460449219, 109.2813491821289, 109.35543823242188, 108.99888610839844, 109.4594497680664, 108.62886810302734, 109.1097412109375, 108.50386047363281, 107.64117431640625, 106.38932800292969, 105.03174591064453, 103.39151000976562, 101.3233642578125, 100.55418395996094, 98.94967651367188, 98.93126678466797, 99.39669036865234, 101.4015121459961, 103.29491424560547, 104.68955993652344, 106.67387390136719, 108.05693817138672, 108.59701538085938, 109.28532409667969, 110.2743911743164, 111.03308868408203]"
multi_seasonal_0,multi_seasonal,240,60,1.1807230498267864,1.453613863320643,"[51.678462982177734, 52.4442253112793, 53.18508529663086, 53.90822219848633, 54.48920440673828, 55.134796142578125, 55.36256790161133, 55.187171936035156, 55.15625762939453, 54.522369384765625, 53.92463684082031, 53.02884292602539, 52.499671936035156, 51.91421127319336, 51.03681945800781, 50.318389892578125, 49.88459396362305, 49.47458267211914, 49.09344482421875, 48.802146911621094, 48.558135986328125, 48.68721008300781, 48.86091613769531, 49.5531005859375, 50.01094055175781, 50.28895950317383, 51.233802795410156, 52.043373107910156, 52.34151840209961, 53.051002502441406, 53.868072509765625, 53.32232666015625, 53.087486267089844, 52.8288688659668, 52.039127349853516, 51.76171875, 50.902549743652344, 50.59590530395508, 50.00676727294922, 49.310340881347656, 47.89085006713867, 47.90440368652344, 47.39555740356445, 46.284725189208984, 47.07880783081055, 46.8220100402832, 46.898685455322266, 47.876121520996094, 48.22569274902344, 49.24136734008789, 49.941566467285156, 50.358482360839844, 50.788387298583984, 50.75540542602539, 50.64873123168945, 50.94805908203125, 50.87224197387695, 51.13618850708008, 50.77962875366211, 50.39452362060547]",1.1114257818116688,1.500995992502486,"[53.2927131652832, 53.92497634887695, 54.51168441772461, 54.778175354003906, 55.14873504638672, 54.89291763305664, 54.64308547973633, 54.62422180175781, 54.178855895996094, 53.81074142456055, 51.79377365112305, 51.23052215576172, 50.323299407958984, 49.548553466796875, 49.01511764526367, 48.378047943115234, 47.965232849121094, 47.74422073364258, 47.857391357421875, 47.884517669677734, 49.34504699707031, 49.86483383178711, 50.34467697143555, 50.91021728515625, 51.2868766784668, 51.62351608276367, 52.199424743652344, 52.322174072265625, 52.72413635253906, 52.82534408569336, 52.94554901123047, 53.05696105957031, 52.815155029296875, 52.318546295166016, 51.92350769042969, 51.438411712646484, 50.85451889038086, 50.49837112426758, 50.40413284301758, 50.23876190185547, 49.16602325439453, 48.66664123535156, 48.03435134887695, 47.421878814697266, 47.418701171875, 47.28075408935547, 47.49380874633789, 47.690093994140625, 48.16987609863281, 48.72671890258789, 49.985198974609375, 50.69512176513672, 51.178157806396484, 51.7036247253418, 52.03949737548828, 52.54471206665039, 52.911415100097656, 52.92498016357422, 53.084228515625, 53.1767692565918]",2.8908800273599855,3.2847628100500303,"[51.82401123832435, 53.25262522918241, 54.47871540101308, 54.915190654456936, 54.853524187791834, 54.80413196434886, 54.89819090969126, 54.97319619336737, 54.86705317123682, 54.709863447834344, 54.5060038364855, 54.166637356153885, 53.74383736802729, 53.21545560250461, 52.38697493405761, 51.114732682254996, 49.91382000891938, 49.51309992600869, 49.591150260903724, 49.65402489642009, 49.79013674543179, 50.005670097990325, 50.32616845580591, 50.90065218483256, 51.93498070395369, 53.67086928332352, 54.920605472006805, 55.298349150798614, 55.38584153274775, 55.38424765740875, 55.32799153027702, 55.23586440125204, 55.14320647800478, 55.041623569341766, 54.82444753106439, 54.447920380087986, 54.021555592294234, 53.53665551623828, 52.86922999503518, 51.85059655057291, 50.563267189484684, 49.627646244632935, 49.59611981434644, 49.68644081005039, 49.790220036538656, 49.97558379780971, 50.23673082348987, 50.78881816348459, 51.704929062155266, 53.270511621214766, 54.66791040393296, 55.20604857326793, 55.30753386117127, 55.288269732729574, 55.2618171936702, 55.22365762681182, 55.1605668523658, 55.06191734304367, 54.8898391103873, 54.56838230777384]",2.21295573733257,2.514513228389449,"[51.875244140625, 52.71792221069336, 53.51273727416992, 53.81742477416992, 54.11488723754883, 54.489662170410156, 54.672611236572266, 54.47184371948242, 54.023292541503906, 53.62161636352539, 53.639434814453125, 53.36420822143555, 52.44107437133789, 51.863304138183594, 51.054290771484375, 50.79897689819336, 50.08243179321289, 49.629451751708984, 49.29652786254883, 49.188175201416016, 49.209720611572266, 49.817256927490234, 50.61514663696289, 51.25160217285156, 51.9290657043457, 52.57139205932617, 53.410465240478516, 53.84125518798828, 54.13405227661133, 54.44306182861328, 54.9456787109375, 55.02233123779297, 54.722320556640625, 54.02242660522461, 53.669612884521484, 53.04711151123047, 52.11210632324219, 51.66941452026367, 50.720298767089844, 50.11494064331055, 49.22172164916992, 48.933433532714844, 48.935096740722656, 49.216365814208984, 49.287513732910156, 50.24128723144531, 50.64918518066406, 51.234283447265625, 52.03316116333008, 52.9464225769043, 53.356380462646484, 53.91706466674805, 54.48276138305664, 54.86491394042969, 54.3350944519043, 54.44694900512695, 54.17396545410156, 53.60762023925781, 53.226722717285156, 52.371864318847656]"
multi_seasonal_1,multi_seasonal,240,60,0.9830141580295885,1.173056330206035,"[52.48123550415039, 53.19803237915039, 54.123722076416016, 54.32916259765625, 54.722129821777344, 54.81453323364258, 56.00460433959961, 55.310096740722656, 54.979827880859375, 54.678558349609375, 53.75748062133789, 52.75888442993164, 51.68158721923828, 50.79486846923828, 49.88228225708008, 49.82908630371094, 48.99533462524414, 48.57210922241211, 48.599090576171875, 48.406307220458984, 49.02040481567383, 49.26736068725586, 49.85675048828125, 51.08158493041992, 51.45035934448242, 52.12384796142578, 53.400184631347656, 53.90658950805664, 54.112281799316406, 54.397823333740234, 54.57965850830078, 54.117549896240234, 53.186954498291016, 52.45709991455078, 51.54579544067383, 51.36824035644531, 50.3373908996582, 49.785194396972656, 49.36407470703125, 49.05687713623047, 47.77616882324219, 47.37811279296875, 47.06432342529297, 46.766544342041016, 47.02472686767578, 46.873634338378906, 47.665645599365234, 48.344322204589844, 48.849815368652344, 49.65170669555664, 51.392601013183594, 51.464534759521484, 52.007118225097656, 51.64499282836914, 52.00388717651367, 52.06167984008789, 51.39111328125, 51.48658752441406, 51.55588150024414, 51.2747917175293]",1.0392306913333889,1.3727055006300017,"[51.92595672607422, 52.595149993896484, 53.430362701416016, 54.27692413330078, 54.61280059814453, 55.09082794189453, 55.1695671081543, 55.457176208496094, 55.3472900390625, 54.82341766357422, 52.629615783691406, 51.98106002807617, 51.12551498413086, 50.586849212646484, 49.897850036621094, 49.468345642089844, 48.90385818481445, 48.78526306152344, 48.69938659667969, 48.595367431640625, 48.859649658203125, 49.00851821899414, 49.44202423095703, 49.84664535522461, 50.35781478881836, 50.812801361083984, 51.56296157836914, 52.15281295776367, 52.84302520751953, 52.84048080444336, 53.51090621948242, 53.06642150878906, 52.54239273071289, 51.8620491027832, 51.456729888916016, 50.86225128173828, 50.04446029663086, 49.93022918701172, 49.61982345581055, 49.563846588134766, 47.68112564086914, 47.51597595214844, 47.431541442871094, 47.35957336425781, 47.75656509399414, 48.161705017089844, 48.75252914428711, 49.706817626953125, 50.03720474243164, 50.97161102294922, 51.35929489135742, 51.91337203979492, 52.221187591552734, 52.678382873535156, 52.92594909667969, 53.21631622314453, 53.321136474609375, 53.411258697509766, 53.41808319091797, 53.428436279296875]",0.9586392705341182,1.2155722966268436,"[52.19011634546622, 52.60882582170583, 53.153206259432714, 53.80824707613455, 54.4092978886581, 54.892465557332756, 55.17762583063924, 55.28432930374988, 55.26621749962751, 55.0996754381305, 54.65328390788166, 53.7825596468599, 52.63657486769475, 51.50902721092946, 50.50027822946021, 49.572792555229036, 48.52803050624936, 47.58876638204865, 47.134782632303946, 47.09929839425701, 47.30762409100996, 47.72183826712651, 48.34741306105733, 49.15976272356068, 50.05108932310553, 50.89312000500277, 51.50802181746255, 51.96328499782042, 52.294598327654185, 52.55559086016097, 52.75416699592547, 52.81405797941523, 53.02590889862211, 52.876843753953764, 52.420295486693156, 51.76515337535231, 50.987530296189874, 50.00731790059916, 48.98712377730702, 47.76942715691561, 46.82499512389673, 46.52722683709244, 46.50059721786498, 46.55508935458824, 46.68349208306364, 46.941042748962786, 47.33691218554135, 47.89444125896906, 48.60852075523562, 49.45149466423215, 50.47721547219699, 51.34740381658768, 51.93015515909622, 52.317873738357505, 52.58034462713159, 52.72642071566049, 52.70565896388298, 52.497010906640625, 52.154486445958874, 51.73208739796196]",2.8996525064341045,3.2102352949788133,"[52.2924919128418, 53.2958984375, 54.11158752441406, 54.97645950317383, 55.07717514038086, 55.69901657104492, 55.992347717285156, 55.51557540893555, 55.41990280151367, 55.054901123046875, 55.363712310791016, 54.808624267578125, 54.08491516113281, 53.573307037353516, 52.32879638671875, 51.639015197753906, 50.903656005859375, 50.16743850708008, 49.82540512084961, 49.554664611816406, 49.895118713378906, 50.82815170288086, 51.31039047241211, 52.33965301513672, 52.9393424987793, 53.60664749145508, 54.01190185546875, 54.59696960449219, 55.19826126098633, 55.54758071899414, 55.70896911621094, 56.161495208740234, 56.13490295410156, 56.1980094909668, 55.58380126953125, 54.5482292175293, 53.97515106201172, 52.64956283569336, 52.33542251586914, 51.39845657348633, 50.38437271118164, 50.319480895996094, 49.64841842651367, 49.893062591552734, 49.7291145324707, 50.10414123535156, 50.64900588989258, 50.93361282348633, 51.6577262878418, 52.408687591552734, 53.34856414794922, 54.267578125, 55.17432403564453, 55.67237091064453, 55.79616928100586, 55.88044738769531, 55.950687408447266, 55.189693450927734, 55.067562103271484, 54.26334762573242]"
multi_seasonal_2,multi_seasonal,240,60,0.9695048401578874,1.2534059580615717,"[51.70108413696289, 52.504905700683594, 52.98369598388672, 53.48974609375, 54.28823471069336, 54.669227600097656, 54.707855224609375, 54.61354064941406, 54.54513168334961, 53.92729949951172, 53.05937194824219, 52.680213928222656, 52.20808029174805, 51.57598876953125, 51.2905387878418, 50.530189514160156, 49.78562545776367, 49.33123016357422, 48.873573303222656, 48.620948791503906, 49.01114273071289, 49.057926177978516, 49.402061462402344, 50.20233154296875, 50.44301986694336, 51.49212646484375, 51.94671630859375, 52.639312744140625, 52.93031311035156, 53.24127197265625, 53.05850601196289, 52.93148422241211, 52.606327056884766, 52.28976058959961, 51.7992057800293, 51.06071090698242, 50.60356521606445, 50.040061950683594, 49.48017883300781, 49.325462341308594, 48.75783157348633, 47.94233322143555, 47.754051208496094, 47.43035125732422, 47.086944580078125, 47.913875579833984, 48.41715621948242, 48.85276412963867, 49.38730239868164, 50.31056594848633, 50.99197769165039, 51.920440673828125, 52.210723876953125, 52.20532989501953, 52.28030776977539, 52.17971420288086, 52.34520721435547, 51.84147262573242, 51.53104019165039, 51.60820770263672]",2.202487528311838,2.706387667284279,"[51.466339111328125, 51.48583984375, 51.4710807800293, 51.335166931152344, 51.305267333984375, 51.47007369995117, 51.39544677734375, 51.30340576171875, 51.33637619018555, 51.2470703125, 51.46632766723633, 51.4858283996582, 51.471073150634766, 51.33515548706055, 51.30527114868164, 51.47005844116211, 51.39543914794922, 51.30340576171875, 51.336368560791016, 51.2470588684082, 51.466339111328125, 51.485843658447266, 51.47108459472656, 51.33516311645508, 51.30526351928711, 51.47007751464844, 51.39544677734375, 51.303401947021484, 51.33637619018555, 51.2470703125, 51.466346740722656, 51.48585510253906, 51.47108840942383, 51.33517074584961, 51.30525588989258, 51.470088958740234, 51.39545440673828, 51.303401947021484, 51.33638381958008, 51.247074127197266, 51.46634292602539, 51.4858512878418, 51.47108840942383, 51.335166931152344, 51.305259704589844, 51.47008514404297, 51.395450592041016, 51.303401947021484, 51.33638381958008, 51.247074127197266, 51.46634292602539, 51.4858512878418, 51.47108840942383, 51.335166931152344, 51.305259704589844, 51.47008514404297, 51.395450592041016, 51.303401947021484, 51.33638381958008, 51.24707794189453]",1.2439400901471387,1.5253849788117888,"[51.46191852925658, 51.76022151217487, 52.125869603594836, 52.4697461229659, 52.791668075625786, 53.007861900491655, 53.034971316103466, 52.843910742292756, 52.31094069195672, 51.69944652853785, 51.16709227099082, 50.585182869504784, 49.974511921169814, 49.521011994235934, 49.11353001660243, 48.76957611729391, 48.50489127723436, 48.36138542910434, 48.29816362381854, 48.28412113638689, 48.335534191176926, 48.454442031695315, 48.682110350463965, 49.01334642029119, 49.44679048783044, 49.94765853188454, 50.34573262425465, 50.60674419771262, 50.75886503798064, 50.79877167287971, 50.72273664666124, 50.53218472418767, 50.27232279551482, 49.983121579426005, 49.61069820194857, 49.139029991357205, 48.385688759072025, 47.71973459953453, 47.31183395083083, 47.15643586535943, 47.10645321852418, 47.10308282364584, 47.11129607399066, 47.14968765454981, 47.21320228221632, 47.30560768741154, 47.43304571907752, 47.6033836209656, 47.82093240641467, 48.08618186491898, 48.428636866138255, 48.85343030502486, 49.31857216336855, 49.71048539034843, 49.927706103415304, 49.91846070829032, 49.726728219977716, 49.38717887019621, 48.84848850218581, 48.19558983003853]",3.0872932643158033,3.429418647548995,"[54.06377029418945, 54.71519088745117, 55.4807014465332, 55.83100128173828, 55.89103317260742, 55.96446228027344, 55.768531799316406, 55.19660568237305, 54.588260650634766, 53.89281463623047, 53.12636947631836, 52.86272430419922, 52.34421157836914, 51.34657287597656, 51.16889190673828, 50.603553771972656, 50.16241455078125, 50.27836608886719, 50.31790542602539, 50.695919036865234, 51.29437255859375, 51.67726135253906, 52.9809455871582, 53.786949157714844, 54.470890045166016, 55.042724609375, 55.720916748046875, 56.00053787231445, 56.141021728515625, 55.49372100830078, 55.20908737182617, 55.054012298583984, 54.68174743652344, 53.64640426635742, 52.9853515625, 52.614505767822266, 51.653343200683594, 51.420379638671875, 50.823753356933594, 50.72364807128906, 49.846256256103516, 49.90645217895508, 50.609798431396484, 51.19896697998047, 51.6457633972168, 52.62279510498047, 53.3965950012207, 53.97462463378906, 54.68520736694336, 54.95701599121094, 55.779869079589844, 55.735626220703125, 56.14345932006836, 55.59772872924805, 55.04182815551758, 54.87386703491211, 54.00397872924805, 53.307498931884766, 52.59742736816406, 51.872230529785156]"
multi_seasonal_3,multi_seasonal,240,60,0.8903098725847174,1.0699833817138233,"[51.06927490234375, 51.914085388183594, 52.37419509887695, 53.249759674072266, 53.804168701171875, 54.76588821411133, 54.96257400512695, 55.5341682434082, 55.38890075683594, 55.229244232177734, 53.61107635498047, 52.602787017822266, 51.71821594238281, 51.4483642578125, 50.099754333496094, 49.99534225463867, 49.16896438598633, 49.019798278808594, 48.941776275634766, 49.23370361328125, 48.603145599365234, 48.76594161987305, 48.789825439453125, 49.161739349365234, 49.80556869506836, 50.03650665283203, 51.06666946411133, 51.707008361816406, 51.82026290893555, 53.094635009765625, 52.96514892578125, 52.41446304321289, 52.263065338134766, 51.83003616333008, 50.828941345214844, 50.67121887207031, 49.89522933959961, 49.468441009521484, 49.0479621887207, 48.66448974609375, 47.83919906616211, 47.78761291503906, 47.21291732788086, 47.103355407714844, 47.41994094848633, 47.7470588684082, 47.77785873413086, 48.59559631347656, 49.15010452270508, 49.874847412109375, 51.080413818359375, 51.16317367553711, 51.38667678833008, 51.41279983520508, 51.590660095214844, 51.49851608276367, 51.35874557495117, 51.00840377807617, 50.63627243041992, 50.20615005493164]",2.1787655849000744,2.6332926256046494,"[51.6058349609375, 51.41206359863281, 51.50332260131836, 51.42412185668945, 51.40779495239258, 51.445159912109375, 51.3426628112793, 51.32280731201172, 51.297882080078125, 51.20863723754883, 51.60584259033203, 51.41204833984375, 51.503318786621094, 51.42411422729492, 51.40778732299805, 51.44516372680664, 51.34267044067383, 51.32278060913086, 51.29786682128906, 51.20861053466797, 51.60584259033203, 51.41204833984375, 51.503318786621094, 51.42411422729492, 51.40778732299805, 51.44516372680664, 51.34267044067383, 51.322776794433594, 51.29786682128906, 51.2086067199707, 51.60584259033203, 51.41204833984375, 51.503318786621094, 51.42411422729492, 51.40778732299805, 51.44516372680664, 51.34267044067383, 51.32278060913086, 51.29786682128906, 51.20861053466797, 51.60584259033203, 51.41204833984375, 51.503318786621094, 51.424110412597656, 51.40778350830078, 51.44516372680664, 51.342674255371094, 51.322776794433594, 51.29786682128906, 51.20860290527344, 51.60584259033203, 51.41204833984375, 51.503318786621094, 51.424110412597656, 51.40778350830078, 51.44516372680664, 51.342674255371094, 51.322776794433594, 51.29786682128906, 51.2086067199707]",0.9855814139265918,1.176700357665809,"[51.506625370567626, 51.967941254781735, 52.25859892641035, 52.49526924977149, 52.67419328333946, 52.75055592818072, 52.695582351542704, 52.53763290691303, 52.28588820274695, 51.96740212844176, 51.52382644499876, 50.954070971345814, 50.34006288255562, 49.6008531317155, 48.947669613847204, 48.578826713024405, 48.49108523273578, 48.55986319552936, 48.67550490775857, 48.80761985906506, 49.022858504896426, 49.397406469055, 49.940634400551396, 50.51382083117874, 50.95769453949031, 51.270113685575865, 51.465789509295924, 51.58020690614511, 51.63156209285539, 51.6192278764145, 51.52498529292396, 51.33137602154108, 51.01813098686846, 50.61201705714541, 50.090274212786014, 49.36271093722561, 48.583337975471814, 47.98189638313177, 47.669364666312426, 47.53946569588411, 47.52147479544695, 47.54797187859273, 47.66003174430969, 47.824032083180654, 48.0499591602153, 48.341779193559056, 48.69945430825499, 49.154388169759194, 49.709612845912325, 50.352147065101185, 50.92579946126303, 51.307985239672036, 51.51873067284015, 51.555535218384215, 51.453737209770736, 51.230535816586816, 50.884470411831536, 50.32495832014439, 49.502809367245355, 48.5480577489949]",2.472723493968821,2.7745382530007094,"[52.072635650634766, 53.07006072998047, 53.43303680419922, 54.420692443847656, 55.265140533447266, 55.43348693847656, 55.3684196472168, 55.32819366455078, 54.85701370239258, 53.990299224853516, 53.79695510864258, 53.526634216308594, 52.27985763549805, 51.82771682739258, 51.259944915771484, 50.584835052490234, 50.16998291015625, 49.76710510253906, 49.56553268432617, 49.20991897583008, 49.842506408691406, 50.14595413208008, 50.7924919128418, 51.513431549072266, 52.63544464111328, 53.1993293762207, 53.9221305847168, 54.182861328125, 54.67422103881836, 54.63569641113281, 55.269535064697266, 55.19975280761719, 54.80549621582031, 54.48401641845703, 53.97389602661133, 53.34103012084961, 52.541324615478516, 51.56043243408203, 51.16457748413086, 50.456260681152344, 49.47859573364258, 49.56851577758789, 49.35940933227539, 49.88926696777344, 50.392215728759766, 50.84086227416992, 51.51329803466797, 52.08473205566406, 52.54630661010742, 53.17488479614258, 54.228607177734375, 54.79920196533203, 55.37887191772461, 55.60275650024414, 55.61189651489258, 55.30303192138672, 55.10239028930664, 54.541587829589844, 53.55524826049805, 52.592063903808594]"
multi_seasonal_4,multi_seasonal,240,60,0.7730971503937282,0.9897836319448091,"[51.95265197753906, 52.56472396850586, 53.26246643066406, 53.98801040649414, 54.925655364990234, 54.97893142700195, 55.174354553222656, 55.3786735534668, 55.17039108276367, 54.680274963378906, 52.982276916503906, 52.4368896484375, 51.85051345825195, 50.8430061340332, 49.9744758605957, 49.20445251464844, 48.5043830871582, 47.8859977722168, 47.5710334777832, 47.602909088134766, 47.95402526855469, 48.19990539550781, 48.7138786315918, 49.4709358215332, 50.18743133544922, 50.49953842163086, 51.70547103881836, 52.3618278503418, 52.83739471435547, 53.346073150634766, 53.3937873840332, 52.9238166809082, 52.46559524536133, 51.85411071777344, 50.86644744873047, 49.97888946533203, 49.40079879760742, 48.52412414550781, 48.17374038696289, 48.02924728393555, 47.23145294189453, 47.037208557128906, 46.53181076049805, 46.33332824707031, 46.55261993408203, 46.803165435791016, 46.906532287597656, 48.137107849121094, 48.323524475097656, 49.266971588134766, 50.97872543334961, 51.338863372802734, 51.03599548339844, 50.88523864746094, 50.51670837402344, 50.778499603271484, 50.81786346435547, 50.97185516357422, 50.909637451171875, 51.13351821899414]",0.8351507199725702,1.0834281375967039,"[51.30559539794922, 51.65898132324219, 52.38731002807617, 53.03759002685547, 53.62910079956055, 53.872745513916016, 54.26805877685547, 54.392799377441406, 54.50556182861328, 54.37873458862305, 53.14315414428711, 52.32499313354492, 52.04460525512695, 51.29561996459961, 50.48697280883789, 49.858497619628906, 48.559669494628906, 48.25065612792969, 47.7305793762207, 47.43931579589844, 48.64864730834961, 48.559024810791016, 48.965919494628906, 49.47197341918945, 49.97848892211914, 50.70158386230469, 51.15871047973633, 51.77033996582031, 52.17055892944336, 52.3646354675293, 53.62287521362305, 53.04569625854492, 52.61561584472656, 52.07072448730469, 51.36848068237305, 50.7817268371582, 49.604515075683594, 49.10192108154297, 48.52268600463867, 48.17079162597656, 47.125091552734375, 46.848148345947266, 46.728424072265625, 47.10850524902344, 47.46752166748047, 47.83750534057617, 48.23314666748047, 48.854637145996094, 49.447998046875, 50.34413528442383, 51.9517822265625, 52.29035568237305, 52.26026916503906, 52.03408432006836, 52.212677001953125, 51.785709381103516, 51.60851287841797, 51.49802017211914, 51.44393539428711, 51.21596145629883]",1.2465927433334936,1.5770518705804062,"[51.756279056527994, 52.417453725176586, 53.29729421945421, 54.00741443981238, 54.46185520821667, 54.68906557145992, 54.79354469618624, 54.73943637682266, 54.463486498857925, 54.071506063554565, 53.50256354137334, 52.72425433974833, 51.70970816841011, 50.784475615178664, 50.071093724534244, 49.47057015040867, 49.04016131158433, 48.86774114840736, 48.879610215049965, 48.97017341636388, 49.08587738154229, 49.37728398126524, 49.81535475415786, 50.31257810863753, 50.85641630680478, 51.439790262408614, 52.06301567361228, 52.751496012827545, 53.371993483680434, 53.77234233065387, 53.98954555178298, 54.03599846588483, 53.9511156299349, 53.673030984061, 53.16112426773387, 52.50560779687353, 51.53727426437285, 50.583235098315406, 49.617001867698605, 48.75003860926108, 48.131259581025255, 47.805077369129734, 47.65183139979405, 47.63333453167416, 47.759058696579814, 48.083540989448956, 48.55614216468674, 49.11425779995, 49.82689905063277, 50.64606271474295, 51.48369470242346, 52.30748546838512, 53.000347092293616, 53.433337390861304, 53.61048440998052, 53.63770437098214, 53.56471565407203, 53.389088024886455, 53.01658772633597, 52.399614900023856]",2.459960407273148,2.849368875578333,"[51.89225769042969, 53.199459075927734, 53.795066833496094, 54.605106353759766, 54.84117126464844, 55.511749267578125, 55.33251953125, 55.284080505371094, 54.760589599609375, 54.742034912109375, 54.42546081542969, 53.951904296875, 53.1129035949707, 52.4350471496582, 52.28533172607422, 51.24666213989258, 50.279884338378906, 49.732666015625, 49.63388442993164, 49.2331428527832, 49.59809494018555, 50.01682662963867, 50.949790954589844, 51.38509750366211, 52.17274856567383, 52.61547088623047, 53.51400375366211, 54.32750701904297, 54.89266586303711, 54.91510009765625, 55.47660446166992, 55.15770721435547, 55.34865188598633, 55.221778869628906, 54.43968200683594, 54.101776123046875, 53.592830657958984, 52.97459030151367, 52.00889587402344, 51.125221252441406, 51.068458557128906, 49.76613235473633, 49.53746032714844, 49.36723709106445, 49.8101806640625, 49.68459701538086, 50.36671829223633, 50.4801025390625, 50.99051284790039, 51.50146484375, 52.50163650512695, 53.99238204956055, 54.418636322021484, 54.98037338256836, 55.14038848876953, 55.48454284667969, 55.18853759765625, 55.057212829589844, 54.335227966308594, 54.17124557495117]"
random_walk_0,random_walk,120,30,9.8653449282557,10.509514149703254,"[21.082765579223633, 20.707386016845703, 20.500314712524414, 19.597749710083008, 20.617000579833984, 21.425451278686523, 20.106111526489258, 21.912609100341797, 21.96183967590332, 20.661428451538086, 22.41777801513672, 22.375995635986328, 23.696550369262695, 24.0241641998291, 24.57535743713379, 24.681591033935547, 25.076980590820312, 25.192729949951172, 25.78204345703125, 25.533082962036133, 26.12997055053711, 26.246503829956055, 25.766551971435547, 25.61637306213379, 25.661558151245117, 26.00613021850586, 25.495479583740234, 25.69470977783203, 24.847135543823242, 25.48992347717285]",6.485252307406091,6.745437297205379,"[20.26768684387207, 20.055999755859375, 20.17704963684082, 20.015644073486328, 20.01710319519043, 19.791643142700195, 19.851940155029297, 19.772151947021484, 19.92464828491211, 19.660293579101562, 20.45956039428711, 20.251968383789062, 20.411319732666016, 20.214754104614258, 20.240684509277344, 20.009849548339844, 20.040857315063477, 20.07428550720215, 20.196035385131836, 19.962894439697266, 20.83796501159668, 20.631898880004883, 20.825315475463867, 20.604799270629883, 20.618513107299805, 20.414867401123047, 20.368274688720703, 20.566486358642578, 20.68425941467285, 20.53173828125]",6.722066153026488,7.060662086819132,"[19.682260184138805, 19.814345157842315, 19.886562974814108, 19.96163596706057, 19.99645363731418, 20.001229746895866, 19.987627722930576, 19.968117046337163, 19.953814943777953, 19.982427712548898, 20.026945592586085, 20.10817665384046, 20.164133700352085, 20.22256029016061, 20.318184175168135, 20.390798061069212, 20.432603002747882, 20.46899237085397, 20.47217778197914, 20.43988010028809, 20.403305275582007, 20.439209593056795, 20.499042896599626, 20.705810814938502, 20.950475705649083, 21.25776096737818, 21.562588460832593, 21.833481745217718, 22.140529900817526, 22.5137710093201]",9.33467946703337,9.526284318570465,"[22.598543167114258, 22.63725471496582, 22.62819480895996, 22.556318283081055, 22.892955780029297, 22.7523193359375, 22.597909927368164, 22.62476921081543, 22.786649703979492, 22.551231384277344, 23.376630783081055, 23.401357650756836, 23.339923858642578, 23.227476119995117, 23.311140060424805, 23.268478393554688, 23.148197174072266, 23.13642692565918, 23.185434341430664, 23.06046485900879, 23.57762336730957, 23.614953994750977, 23.52176856994629, 23.38676643371582, 23.395153045654297, 23.401369094848633, 23.279420852661133, 23.237096786499023, 23.27845001220703, 23.189023971557617]"
random_walk_1,random_walk,120,30,3.9195217658096846,4.4105360078456775,"[33.3217658996582, 33.090171813964844, 32.030216217041016, 33.7774543762207, 34.14116287231445, 32.749942779541016, 33.1856575012207, 33.6674690246582, 33.512516021728516, 34.54508972167969, 30.18808937072754, 29.217470169067383, 30.29121208190918, 29.1184024810791, 29.9021053314209, 30.045696258544922, 29.368303298950195, 29.844396591186523, 28.685665130615234, 29.24775505065918, 29.594234466552734, 28.82090950012207, 29.80027961730957, 28.46302032470703, 28.82293128967285, 29.459392547607422, 30.093387603759766, 29.415735244750977, 28.95934295654297, 29.998550415039062]",4.148851209910224,4.43317397950682,"[30.324024200439453, 30.17993927001953, 30.203380584716797, 30.329776763916016, 30.333911895751953, 30.11724853515625, 30.44447898864746, 30.248422622680664, 30.42426300048828, 30.19823455810547, 30.323965072631836, 30.18000602722168, 30.20338249206543, 30.329748153686523, 30.333812713623047, 30.11725425720215, 30.444494247436523, 30.248443603515625, 30.424236297607422, 30.19830322265625, 30.32402229309082, 30.17994499206543, 30.203357696533203, 30.329784393310547, 30.33382225036621, 30.117216110229492, 30.444467544555664, 30.24842071533203, 30.424219131469727, 30.198335647583008]",2.361342284997809,2.957633855152389,"[37.50461333621296, 37.51556557658975, 37.514621297450546, 37.49758496437761, 37.47435272757261, 37.45181406859973, 37.425822370369445, 37.38052317739931, 37.3219333210592, 37.27646073363103, 37.229031453074455, 37.1555571893408, 37.07936189922543, 37.0096367992896, 36.943327613853164, 36.868326867422226, 36.81386004303126, 36.77545033162531, 36.72951171929357, 36.680362033774315, 36.580207298358694, 36.48795751582947, 36.39202146321012, 36.26936825091265, 36.11353686075657, 35.90772069640679, 35.71106561204996, 35.52992299863995, 35.32109186717735, 35.13102489870198]",2.904621309871343,3.2802650784824605,"[31.960969924926758, 31.80686378479004, 32.01505661010742, 32.04661178588867, 32.22498321533203, 32.2414665222168, 32.14578628540039, 32.5472297668457, 32.335670471191406, 32.537784576416016, 31.1497802734375, 31.07674789428711, 31.23226547241211, 31.255722045898438, 31.40380096435547, 31.43044090270996, 31.431915283203125, 31.61192512512207, 31.605243682861328, 31.696916580200195, 30.881441116333008, 30.877910614013672, 30.988231658935547, 31.039905548095703, 31.16013526916504, 31.201271057128906, 31.23533058166504, 31.368284225463867, 31.443605422973633, 31.507984161376953]"
random_walk_2,random_walk,120,30,1.7825460784593745,2.0484461948565653,"[17.253986358642578, 17.144315719604492, 17.12918472290039, 16.809375762939453, 16.842384338378906, 16.7532901763916, 16.741291046142578, 17.004396438598633, 16.819021224975586, 16.224641799926758, 16.005346298217773, 16.069902420043945, 16.497480392456055, 15.892117500305176, 16.27020835876465, 15.93265151977539, 16.61185073852539, 16.630043029785156, 16.516246795654297, 16.205516815185547, 16.753742218017578, 16.632488250732422, 16.83623504638672, 16.40506935119629, 16.51963233947754, 16.352027893066406, 16.583606719970703, 16.754852294921875, 16.703645706176758, 16.129566192626953]",1.837910161023808,2.1910819045389047,"[16.958768844604492, 17.18709945678711, 16.949106216430664, 17.049646377563477, 16.8114070892334, 16.996723175048828, 16.908191680908203, 17.153841018676758, 16.90629005432129, 16.969057083129883, 16.958768844604492, 17.187108993530273, 16.949073791503906, 17.049652099609375, 16.81138038635254, 16.996702194213867, 16.908203125, 17.15386962890625, 16.90629768371582, 16.969074249267578, 16.958765029907227, 17.18709945678711, 16.949064254760742, 17.049650192260742, 16.811370849609375, 16.996694564819336, 16.9082088470459, 17.15386199951172, 16.906293869018555, 16.96908950805664]",1.666508606524079,2.1298003168017954,"[16.782456328998872, 16.128861353931928, 15.347569548534665, 14.749142662964243, 14.445662836423944, 14.325890747192036, 14.28942956023143, 14.284396091049647, 14.282766441387842, 14.282044708395146, 14.293267808329695, 14.324811836656952, 14.363783248289693, 14.404231109496191, 14.443410404534529, 14.481162291387065, 14.524168984659074, 14.566433113198368, 14.607924297384088, 14.642557499158139, 14.667076891153584, 14.678662376565526, 14.675613998609599, 14.663229529169062, 14.638024425731366, 14.596165214138665, 14.54969307411579, 14.520447915098408, 14.520392797786279, 14.535137763767574]",2.2937830214951953,2.6596672116168296,"[17.808914184570312, 17.9482364654541, 17.955108642578125, 17.608489990234375, 17.797603607177734, 17.652746200561523, 17.58955192565918, 17.365345001220703, 17.682764053344727, 17.68648338317871, 17.72996711730957, 17.907630920410156, 17.907514572143555, 17.548328399658203, 17.744918823242188, 17.598787307739258, 17.533248901367188, 17.29648780822754, 17.636919021606445, 17.631603240966797, 17.71955680847168, 17.901466369628906, 17.901365280151367, 17.53975486755371, 17.738069534301758, 17.59213638305664, 17.526811599731445, 17.28921127319336, 17.63162612915039, 17.627084732055664]"
random_walk_3,random_walk,120,30,1.107356164030457,1.2932898247240796,"[8.811968803405762, 8.341219902038574, 8.455093383789062, 8.276888847351074, 9.087247848510742, 8.380881309509277, 8.072431564331055, 8.299894332885742, 7.6661834716796875, 8.502087593078613, 8.845298767089844, 8.418575286865234, 8.508954048156738, 8.290569305419922, 9.088497161865234, 8.368621826171875, 8.078667640686035, 8.324082374572754, 7.657749176025391, 8.48974609375, 8.84896183013916, 8.42506217956543, 8.512943267822266, 8.293584823608398, 9.089929580688477, 8.371562957763672, 8.07884407043457, 8.324882507324219, 7.6608147621154785, 8.489716529846191]",1.1368824849488712,1.4364267880731119,"[9.661957740783691, 9.611337661743164, 9.301198959350586, 9.227873802185059, 9.125170707702637, 8.99878978729248, 8.887014389038086, 9.22826099395752, 8.781682968139648, 8.752850532531738, 9.661965370178223, 9.611349105834961, 9.301226615905762, 9.227880477905273, 9.125191688537598, 8.998787879943848, 8.887029647827148, 9.22827434539795, 8.781695365905762, 8.752869606018066, 9.661983489990234, 9.611370086669922, 9.301247596740723, 9.227898597717285, 9.125201225280762, 8.998801231384277, 8.887046813964844, 9.228285789489746, 8.781707763671875, 8.752890586853027]",2.4219819957888378,2.7308588816515753,"[6.334686405180708, 6.28112892399831, 6.271718525777565, 6.262278671098855, 6.237817903056401, 6.222165242679239, 6.206069481966276, 6.210183358351289, 6.233169423295944, 6.255704240373872, 6.264007201121686, 6.258165421446991, 6.2541950669529225, 6.2623212889529345, 6.2827189459953825, 6.303208106077472, 6.307268083411737, 6.29132900598583, 6.265857944108424, 6.246335206540911, 6.234926783043594, 6.211852348725037, 6.1842936387308605, 6.134334859285627, 6.071033557847622, 6.0214777678167035, 5.9469692242219665, 5.915659516335605, 5.894967921446636, 5.876192249791819]",1.3969800934800063,1.7173036998321123,"[8.54948616027832, 8.289874076843262, 7.962077617645264, 8.864664077758789, 7.533138751983643, 8.318276405334473, 7.14509391784668, 7.687411785125732, 6.844127655029297, 7.112171649932861, 8.569777488708496, 8.302512168884277, 7.984938144683838, 8.877361297607422, 7.5526299476623535, 8.338356018066406, 7.16862154006958, 7.704574108123779, 6.86530065536499, 7.13291072845459, 8.573233604431152, 8.304954528808594, 7.989491939544678, 8.879501342773438, 7.556307792663574, 8.341506958007812, 7.172171115875244, 7.7067975997924805, 6.869311809539795, 7.136333465576172]"
random_walk_4,random_walk,120,30,3.641696709320186,3.934873295650194,"[20.586872100830078, 20.30571746826172, 20.260175704956055, 20.623855590820312, 20.922840118408203, 20.448598861694336, 20.37655258178711, 21.0842342376709, 20.6326904296875, 20.422266006469727, 20.765583038330078, 20.527008056640625, 20.49323272705078, 20.79698371887207, 21.08623504638672, 20.50499153137207, 20.51513671875, 21.064401626586914, 20.614036560058594, 20.449066162109375, 20.609899520874023, 20.555400848388672, 20.528261184692383, 20.762971878051758, 20.91822624206543, 20.470367431640625, 20.437936782836914, 21.06205177307129, 20.533857345581055, 20.324993133544922]",3.4560584087423867,3.749994213613335,"[19.757946014404297, 19.87762451171875, 20.27397918701172, 20.600248336791992, 20.4393253326416, 20.57415199279785, 20.78473663330078, 20.743804931640625, 20.72553253173828, 20.288959503173828, 20.12904930114746, 20.137983322143555, 20.521791458129883, 20.780200958251953, 20.540464401245117, 20.61412239074707, 20.732616424560547, 20.704811096191406, 20.632539749145508, 20.302772521972656, 19.896791458129883, 20.002613067626953, 20.309049606323242, 20.6087589263916, 20.419126510620117, 20.51578140258789, 20.708499908447266, 20.629802703857422, 20.62352752685547, 20.238683700561523]",3.291397834308157,3.5739741944161576,"[19.962539128841062, 20.228151283879896, 20.286793348421856, 20.28566884953328, 20.278957601665404, 20.27708786177364, 20.282027484372826, 20.293562738288593, 20.304062856974735, 20.317442561979192, 20.33180860446423, 20.347826725148884, 20.360220018512045, 20.36747627345848, 20.373380652770813, 20.376395137425753, 20.375205673752742, 20.371311346400837, 20.366794365704045, 20.353512478679807, 20.33354344601936, 20.294297745113408, 20.256830937226002, 20.196991399654046, 20.105638157095346, 20.002528068410953, 19.880061143750492, 19.728467524967012, 19.523948149386175, 19.39018202435887]",2.47761835741024,2.7582949458277484,"[19.550092697143555, 19.3887996673584, 19.38429069519043, 19.483312606811523, 19.391048431396484, 19.6058292388916, 19.446186065673828, 19.46131706237793, 19.52414894104004, 19.513038635253906, 19.108606338500977, 18.971487045288086, 19.10639190673828, 19.214412689208984, 19.259864807128906, 19.490095138549805, 19.485279083251953, 19.536266326904297, 19.69647789001465, 19.63675880432129, 19.173328399658203, 19.041793823242188, 19.168359756469727, 19.27897834777832, 19.308238983154297, 19.52650260925293, 19.53105926513672, 19.556215286254883, 19.733259201049805, 19.661392211914062]"
